wine_name,grape_name,wine_ratings_average,wine_ratings_count
Cabernet Sauvignon,Cabernet Sauvignon,4.8,2941
Amarone della Valpolicella Classico Riserva,Merlot,4.8,587
Amarone della Valpolicella Classico Riserva,Chardonnay,4.8,587
Fratini Bolgheri Superiore,Merlot,4.8,153
Fratini Bolgheri Superiore,Chardonnay,4.8,153
Special Selection Cabernet Sauvignon,Cabernet Sauvignon,4.7,41236
Toscana,Merlot,4.7,16284
Toscana,Chardonnay,4.7,16284
Amarone della Valpolicella Classico,Merlot,4.7,8900
Amarone della Valpolicella Classico,Chardonnay,4.7,8900
Amarone della Valpolicella Monte Lodoletta,Merlot,4.7,7947
Amarone della Valpolicella Monte Lodoletta,Chardonnay,4.7,7947
Harlan Estate Red,Cabernet Sauvignon,4.7,7231
Cerretalto Brunello di Montalcino,Merlot,4.7,5373
Cerretalto Brunello di Montalcino,Chardonnay,4.7,5373
Barolo Riserva Monfortino,Merlot,4.7,5013
Barolo Riserva Monfortino,Chardonnay,4.7,5013
IX Estate Red,Cabernet Sauvignon,4.7,2810
Veneto Alzero Cabernet,Merlot,4.7,2600
Veneto Alzero Cabernet,Chardonnay,4.7,2600
Harlequin,Merlot,4.7,1276
Harlequin,Chardonnay,4.7,1276
La Mattonara Amarone della Valpolicella Classico Riserva,Merlot,4.7,1196
La Mattonara Amarone della Valpolicella Classico Riserva,Chardonnay,4.7,1196
Recioto della Valpolicella Classico,Merlot,4.7,1045
Recioto della Valpolicella Classico,Chardonnay,4.7,1045
De Buris Amarone della Valpolicella Classico Riserva,Merlot,4.7,574
De Buris Amarone della Valpolicella Classico Riserva,Chardonnay,4.7,574
Fieramonte Amarone della Valpolicella Riserva,Merlot,4.7,315
Fieramonte Amarone della Valpolicella Riserva,Chardonnay,4.7,315
Permassimo,Merlot,4.7,186
Permassimo,Chardonnay,4.7,186
Cabernet Sauvignon,Cabernet Sauvignon,4.6,157944
Sassicaia,Merlot,4.6,107646
Sassicaia,Chardonnay,4.6,107646
Opus One,Cabernet Sauvignon,4.6,77053
Bolgheri Superiore,Merlot,4.6,47939
Bolgheri Superiore,Chardonnay,4.6,47939
Tenuta Tignanello 'Solaia',Merlot,4.6,33143
Tenuta Tignanello 'Solaia',Chardonnay,4.6,33143
Insignia,Cabernet Sauvignon,4.6,30674
Rutherford,Cabernet Sauvignon,4.6,16322
Cabernet Sauvignon (Signature),Cabernet Sauvignon,4.6,13730
'Giulio Ferrari' Riserva del Fondatore,Merlot,4.6,12592
'Giulio Ferrari' Riserva del Fondatore,Chardonnay,4.6,12592
Sperss Barolo,Merlot,4.6,10950
Sperss Barolo,Chardonnay,4.6,10950
Kurni Marche,Merlot,4.6,10261
Kurni Marche,Chardonnay,4.6,10261
CASK 23 Cabernet Sauvignon,Cabernet Sauvignon,4.6,9464
Continuum Estate,Cabernet Sauvignon,4.6,6949
Rubicon,Cabernet Sauvignon,4.6,6421
Cabernet Sauvignon,Cabernet Sauvignon,4.6,5927
Les Pavots,Cabernet Sauvignon,4.6,4010
Sorì Tildìn (Barbaresco) Langhe,Merlot,4.6,3955
Sorì Tildìn (Barbaresco) Langhe,Chardonnay,4.6,3955
Lodovico,Merlot,4.6,3860
Lodovico,Chardonnay,4.6,3860
Sorì San Lorenzo,Merlot,4.6,3857
Sorì San Lorenzo,Chardonnay,4.6,3857
Veneto Rosso del Bepi,Merlot,4.6,3747
Veneto Rosso del Bepi,Chardonnay,4.6,3747
Red,Cabernet Sauvignon,4.6,3639
Brunello di Montalcino Riserva,Merlot,4.6,3375
Brunello di Montalcino Riserva,Chardonnay,4.6,3375
Au Paradis Cabernet Sauvignon,Cabernet Sauvignon,4.6,3004
Campo del Titari Amarone della Valpolicella Classico Riserva,Merlot,4.6,2946
Campo del Titari Amarone della Valpolicella Classico Riserva,Chardonnay,4.6,2946
Costa Russi (Barbaresco) Langhe,Merlot,4.6,2876
Costa Russi (Barbaresco) Langhe,Chardonnay,4.6,2876
Calcarole Amarone della Valpolicella Classico,Merlot,4.6,2757
Calcarole Amarone della Valpolicella Classico,Chardonnay,4.6,2757
La Joie,Cabernet Sauvignon,4.6,2285
Campo Inferi Amarone della Valpolicella Classico Riserva,Merlot,4.6,2112
Campo Inferi Amarone della Valpolicella Classico Riserva,Chardonnay,4.6,2112
Tenuta Guado al Tasso Matarocchio,Merlot,4.6,1875
Tenuta Guado al Tasso Matarocchio,Chardonnay,4.6,1875
Brunello di Montalcino Riserva,Merlot,4.6,1589
Brunello di Montalcino Riserva,Chardonnay,4.6,1589
Maya,Cabernet Sauvignon,4.6,1570
Beckstoffer To Kalon Vineyard Cabernet Sauvignon,Cabernet Sauvignon,4.6,1557
Millecento Brunello di Montalcino Riserva,Merlot,4.6,1364
Millecento Brunello di Montalcino Riserva,Chardonnay,4.6,1364
Reserve,Cabernet Sauvignon,4.6,1175
L'Amarone del Maestro Fornaser,Merlot,4.6,1031
L'Amarone del Maestro Fornaser,Chardonnay,4.6,1031
Barolo Riserva Villero,Merlot,4.6,803
Barolo Riserva Villero,Chardonnay,4.6,803
Vin Santo di Montepulciano,Merlot,4.6,773
Vin Santo di Montepulciano,Chardonnay,4.6,773
Barolo Cerretta,Merlot,4.6,684
Barolo Cerretta,Chardonnay,4.6,684
Falletto Barolo Le Rocche del Falletto Riserva,Merlot,4.6,622
Falletto Barolo Le Rocche del Falletto Riserva,Chardonnay,4.6,622
Barolo Riserva Monprivato Cà d'Morissio,Merlot,4.6,588
Barolo Riserva Monprivato Cà d'Morissio,Chardonnay,4.6,588
Cabernet Sauvignon Coeur De Vallée,Cabernet Sauvignon,4.6,544
Ampio,Merlot,4.6,481
Ampio,Chardonnay,4.6,481
Octavius Amarone della Valpolicella Riserva,Merlot,4.6,450
Octavius Amarone della Valpolicella Riserva,Chardonnay,4.6,450
Perpiero,Merlot,4.6,351
Perpiero,Chardonnay,4.6,351
Barolo Arione,Merlot,4.6,259
Barolo Arione,Chardonnay,4.6,259
Recioto della Valpolicella (Monte Lodoletta),Merlot,4.6,227
Recioto della Valpolicella (Monte Lodoletta),Chardonnay,4.6,227
Croce Del Gal Riserva Amarone della Valpolicella Classico,Merlot,4.6,188
Croce Del Gal Riserva Amarone della Valpolicella Classico,Chardonnay,4.6,188
Bassolino di Sopra Brunello di Montalcino,Merlot,4.6,174
Bassolino di Sopra Brunello di Montalcino,Chardonnay,4.6,174
Cabernet Sauvignon,Cabernet Sauvignon,4.6,152
EABA,Cabernet Sauvignon,4.6,151
Lithology Cabernet Sauvignon,Cabernet Sauvignon,4.6,148
Bure Alto Amarone  della Valpolicella Classico Riserva,Merlot,4.6,132
Bure Alto Amarone  della Valpolicella Classico Riserva,Chardonnay,4.6,132
A50 Amarone della Valpolicella,Merlot,4.6,100
A50 Amarone della Valpolicella,Chardonnay,4.6,100
Secentenario,Merlot,4.6,96
Secentenario,Chardonnay,4.6,96
Moss Blanc Verdicchio dei Castelli di Jesi Classico Superiore,Merlot,4.6,94
Moss Blanc Verdicchio dei Castelli di Jesi Classico Superiore,Chardonnay,4.6,94
Nettare Veneto Bianco,Merlot,4.6,87
Nettare Veneto Bianco,Chardonnay,4.6,87
Aegusa,Merlot,4.6,81
Aegusa,Chardonnay,4.6,81
Grande Cuvée Luigi Moio,Merlot,4.6,80
Grande Cuvée Luigi Moio,Chardonnay,4.6,80
Dieci Brunello di Montalcino,Merlot,4.6,43
Dieci Brunello di Montalcino,Chardonnay,4.6,43
Glesie Climat,Merlot,4.6,37
Glesie Climat,Chardonnay,4.6,37
Tignanello,Merlot,4.5,142513
Tignanello,Chardonnay,4.5,142513
60 Sessantanni Old Vines Primitivo di Manduria,Merlot,4.5,94289
60 Sessantanni Old Vines Primitivo di Manduria,Chardonnay,4.5,94289
Tenuta Guado al Tasso Bolgheri Superiore,Merlot,4.5,33392
Tenuta Guado al Tasso Bolgheri Superiore,Chardonnay,4.5,33392
Papillon,Cabernet Sauvignon,4.5,30682
Brunello di Montalcino,Merlot,4.5,27452
Brunello di Montalcino,Chardonnay,4.5,27452
Barbaresco,Merlot,4.5,24516
Barbaresco,Chardonnay,4.5,24516
Dominus (Christian Moueix),Cabernet Sauvignon,4.5,22117
Flaccianello della Pieve,Merlot,4.5,21518
Flaccianello della Pieve,Chardonnay,4.5,21518
Ben Ryé Passito di Pantelleria,Merlot,4.5,21351
Ben Ryé Passito di Pantelleria,Chardonnay,4.5,21351
Tenuta Nuova Brunello di Montalcino,Merlot,4.5,20934
Tenuta Nuova Brunello di Montalcino,Chardonnay,4.5,20934
Isosceles,Cabernet Sauvignon,4.5,18920
Overture,Cabernet Sauvignon,4.5,16804
One Point Five Cabernet Sauvignon,Cabernet Sauvignon,4.5,16341
Valpolicella Superiore Monte Lodoletta,Merlot,4.5,13024
Valpolicella Superiore Monte Lodoletta,Chardonnay,4.5,13024
Valpolicella Classico Superiore,Merlot,4.5,12262
Valpolicella Classico Superiore,Chardonnay,4.5,12262
Monte Bello,Cabernet Sauvignon,4.5,11978
FAY Cabernet Sauvignon,Cabernet Sauvignon,4.5,10840
5 Stelle Sfursat,Merlot,4.5,10740
5 Stelle Sfursat,Chardonnay,4.5,10740
Amarone della Valpolicella Classico Riserva (Sergio Zenato),Merlot,4.5,9963
Amarone della Valpolicella Classico Riserva (Sergio Zenato),Chardonnay,4.5,9963
Limited Edition 10 Vendemmie,Merlot,4.5,9453
Limited Edition 10 Vendemmie,Chardonnay,4.5,9453
Cuvée Annamaria Clementi (Extra Brut),Merlot,4.5,7928
Cuvée Annamaria Clementi (Extra Brut),Chardonnay,4.5,7928
Brunello di Montalcino,Merlot,4.5,7883
Brunello di Montalcino,Chardonnay,4.5,7883
Poggio all'Oro Brunello di Montalcino Riserva,Merlot,4.5,7033
Poggio all'Oro Brunello di Montalcino Riserva,Chardonnay,4.5,7033
Amarone della Valpolicella Classico,Merlot,4.5,6669
Amarone della Valpolicella Classico,Chardonnay,4.5,6669
Relentless,Cabernet Sauvignon,4.5,6633
S.L.V. Cabernet Sauvignon,Cabernet Sauvignon,4.5,6560
Luce Brunello di Montalcino,Merlot,4.5,6544
Luce Brunello di Montalcino,Chardonnay,4.5,6544
Howell Mountain Cabernet Sauvignon,Cabernet Sauvignon,4.5,6466
Pietro Dal Cero Amarone della Valpolicella,Merlot,4.5,6424
Pietro Dal Cero Amarone della Valpolicella,Chardonnay,4.5,6424
Barolo Cascina Francia,Merlot,4.5,6045
Barolo Cascina Francia,Chardonnay,4.5,6045
Bibbona,Merlot,4.5,5981
Bibbona,Chardonnay,4.5,5981
Gaia & Rey Langhe,Merlot,4.5,5909
Gaia & Rey Langhe,Chardonnay,4.5,5909
Messorio,Merlot,4.5,5514
Messorio,Chardonnay,4.5,5514
Redigaffi Toscana,Merlot,4.5,5212
Redigaffi Toscana,Chardonnay,4.5,5212
Cosimo Varvaglione Collezione Privata Primitivo di Manduria,Merlot,4.5,5016
Cosimo Varvaglione Collezione Privata Primitivo di Manduria,Chardonnay,4.5,5016
Campolongo di Torbe Amarone della Valpolicella Classico,Merlot,4.5,4392
Campolongo di Torbe Amarone della Valpolicella Classico,Chardonnay,4.5,4392
Brunello di Montalcino,Merlot,4.5,4357
Brunello di Montalcino,Chardonnay,4.5,4357
Pieve Santa Restituta Sugarille Brunello di Montalcino,Merlot,4.5,3717
Pieve Santa Restituta Sugarille Brunello di Montalcino,Chardonnay,4.5,3717
Brunello di Montalcino Riserva Madonna del Piano,Merlot,4.5,3506
Brunello di Montalcino Riserva Madonna del Piano,Chardonnay,4.5,3506
Pieve Santa Restituta Rennina Brunello di Montalcino,Merlot,4.5,3393
Pieve Santa Restituta Rennina Brunello di Montalcino,Chardonnay,4.5,3393
Mazzano Amarone Della Valpolicella Classico,Merlot,4.5,3276
Mazzano Amarone Della Valpolicella Classico,Chardonnay,4.5,3276
Darmagi Langhe,Merlot,4.5,3184
Darmagi Langhe,Chardonnay,4.5,3184
Cabernet Sauvignon,Cabernet Sauvignon,4.5,3087
Toscana Rosso,Merlot,4.5,2799
Toscana Rosso,Chardonnay,4.5,2799
Madonna delle Grazie Brunello di Montalcino,Merlot,4.5,2747
Madonna delle Grazie Brunello di Montalcino,Chardonnay,4.5,2747
Brunello di Montalcino,Merlot,4.5,2623
Brunello di Montalcino,Chardonnay,4.5,2623
Conteisa Langhe,Merlot,4.5,2295
Conteisa Langhe,Chardonnay,4.5,2295
Ca’ del Merlo Rosso Veneto,Merlot,4.5,2198
Ca’ del Merlo Rosso Veneto,Chardonnay,4.5,2198
Toscana,Merlot,4.5,2185
Toscana,Chardonnay,4.5,2185
Pian delle Vigne Vignaferrovia Brunello di Montalcino Riserva,Merlot,4.5,2165
Pian delle Vigne Vignaferrovia Brunello di Montalcino Riserva,Chardonnay,4.5,2165
Cerretta Barolo Riserva (Vigna Bricco),Merlot,4.5,2065
Cerretta Barolo Riserva (Vigna Bricco),Chardonnay,4.5,2065
Brunello di Montalcino Riserva Pianrosso Santa Caterina d'Oro,Merlot,4.5,1971
Brunello di Montalcino Riserva Pianrosso Santa Caterina d'Oro,Chardonnay,4.5,1971
La Muse,Cabernet Sauvignon,4.5,1948
Falletto Barolo Le Rocche del Falletto,Merlot,4.5,1883
Falletto Barolo Le Rocche del Falletto,Chardonnay,4.5,1883
Brunello di Montalcino Riserva,Merlot,4.5,1875
Brunello di Montalcino Riserva,Chardonnay,4.5,1875
Barolo Riserva Granbussia,Merlot,4.5,1728
Barolo Riserva Granbussia,Chardonnay,4.5,1728
Le Désir,Cabernet Sauvignon,4.5,1694
Baffonero Maremma Toscana,Merlot,4.5,1682
Baffonero Maremma Toscana,Chardonnay,4.5,1682
Rocche dell'Annunziata Barolo Riserva,Merlot,4.5,1609
Rocche dell'Annunziata Barolo Riserva,Chardonnay,4.5,1609
Barolo Bussia Romirasco,Merlot,4.5,1544
Barolo Bussia Romirasco,Chardonnay,4.5,1544
Brunello di Montalcino,Merlot,4.5,1365
Brunello di Montalcino,Chardonnay,4.5,1365
Blueline Estate Cabernet Sauvignon,Cabernet Sauvignon,4.5,1321
Lupi e Sirene Riserva,Merlot,4.5,1292
Lupi e Sirene Riserva,Chardonnay,4.5,1292
Brunate  Barolo,Merlot,4.5,1289
Brunate  Barolo,Chardonnay,4.5,1289
Rocche dell'Annunziata Torriglione Barolo,Merlot,4.5,1222
Rocche dell'Annunziata Torriglione Barolo,Chardonnay,4.5,1222
Kapnios Aglianico,Merlot,4.5,1134
Kapnios Aglianico,Chardonnay,4.5,1134
Campogiovanni Brunello di Montalcino Riserva Il Quercione,Merlot,4.5,1107
Campogiovanni Brunello di Montalcino Riserva Il Quercione,Chardonnay,4.5,1107
Toscana Bianco,Merlot,4.5,833
Toscana Bianco,Chardonnay,4.5,833
Amarone della Valpolicella,Merlot,4.5,749
Amarone della Valpolicella,Chardonnay,4.5,749
Magma,Merlot,4.5,748
Magma,Chardonnay,4.5,748
Amarone della Valpolicella Classico Mater,Merlot,4.5,739
Amarone della Valpolicella Classico Mater,Chardonnay,4.5,739
Lilium Est Amarone Della Valpolicella Riserva,Merlot,4.5,733
Lilium Est Amarone Della Valpolicella Riserva,Chardonnay,4.5,733
Per Sempre Syrah Toscana,Merlot,4.5,711
Per Sempre Syrah Toscana,Chardonnay,4.5,711
Il San Lorenzo Bianco,Merlot,4.5,673
Il San Lorenzo Bianco,Chardonnay,4.5,673
Alàuda,Merlot,4.5,670
Alàuda,Chardonnay,4.5,670
Brunello di Montalcino Riserva,Merlot,4.5,665
Brunello di Montalcino Riserva,Chardonnay,4.5,665
Kupra Marche,Merlot,4.5,637
Kupra Marche,Chardonnay,4.5,637
Crichet Pajè Barbaresco,Merlot,4.5,584
Crichet Pajè Barbaresco,Chardonnay,4.5,584
Vigna Grande Cerzito Taurasi Riserva,Merlot,4.5,581
Vigna Grande Cerzito Taurasi Riserva,Chardonnay,4.5,581
Amarone Stella,Merlot,4.5,533
Amarone Stella,Chardonnay,4.5,533
Rujno Rosso,Merlot,4.5,532
Rujno Rosso,Chardonnay,4.5,532
Lux Vitis,Merlot,4.5,530
Lux Vitis,Chardonnay,4.5,530
LR,Merlot,4.5,503
LR,Chardonnay,4.5,503
Ferro,Merlot,4.5,499
Ferro,Chardonnay,4.5,499
Chloe Chardonnay,Cabernet Sauvignon,4.5,458
Red Blend,Cabernet Sauvignon,4.5,457
Barolo Riserva Cannubi 1752,Merlot,4.5,451
Barolo Riserva Cannubi 1752,Chardonnay,4.5,451
Grande Cuvée I Terlaner,Merlot,4.5,411
Grande Cuvée I Terlaner,Chardonnay,4.5,411
Grace Vineyard Pinot Noir,Cabernet Sauvignon,4.5,385
Es Riserva,Merlot,4.5,371
Es Riserva,Chardonnay,4.5,371
Riserva vecchie viti dei Capalot e delle Brunate Barolo,Merlot,4.5,338
Riserva vecchie viti dei Capalot e delle Brunate Barolo,Chardonnay,4.5,338
Finn Pinot Noir,Cabernet Sauvignon,4.5,331
'Giulio Ferrari' Riserva del Fondatore Rosé,Merlot,4.5,308
'Giulio Ferrari' Riserva del Fondatore Rosé,Chardonnay,4.5,308
Habemus Lazio Rosso (Etichetta Rossa),Merlot,4.5,298
Habemus Lazio Rosso (Etichetta Rossa),Chardonnay,4.5,298
NŌ Rosso,Merlot,4.5,297
NŌ Rosso,Chardonnay,4.5,297
Quarto Vecchio Amarone della Valpolicella Classico Riserva,Merlot,4.5,292
Quarto Vecchio Amarone della Valpolicella Classico Riserva,Chardonnay,4.5,292
Pym-Rae Red Blend,Cabernet Sauvignon,4.5,273
Mark Bradford Vineyard Pinot Noir,Cabernet Sauvignon,4.5,254
Cannubi Barolo,Merlot,4.5,228
Cannubi Barolo,Chardonnay,4.5,228
Amarone Senza Titolo,Merlot,4.5,225
Amarone Senza Titolo,Chardonnay,4.5,225
Rocche dell'Annunziata Barolo,Merlot,4.5,218
Rocche dell'Annunziata Barolo,Chardonnay,4.5,218
Cabochon Doppio Zero,Merlot,4.5,217
Cabochon Doppio Zero,Chardonnay,4.5,217
Vigna del Suolo Brunello di Montalcino,Merlot,4.5,201
Vigna del Suolo Brunello di Montalcino,Chardonnay,4.5,201
Barbaresco Albesani,Merlot,4.5,183
Barbaresco Albesani,Chardonnay,4.5,183
Collina Rionda di Serralunga Barolo,Merlot,4.5,156
Collina Rionda di Serralunga Barolo,Chardonnay,4.5,156
Vite Talin Barolo,Merlot,4.5,131
Vite Talin Barolo,Chardonnay,4.5,131
Rocche di Castiglione Barolo,Merlot,4.5,131
Rocche di Castiglione Barolo,Chardonnay,4.5,131
Gorgona Rosso,Merlot,4.5,119
Gorgona Rosso,Chardonnay,4.5,119
Bentrock Vineyard Chardonnay,Cabernet Sauvignon,4.5,118
Fossati Barolo,Merlot,4.5,116
Fossati Barolo,Chardonnay,4.5,116
Regina del Bosco R.Quarantottomesi,Merlot,4.5,109
Regina del Bosco R.Quarantottomesi,Chardonnay,4.5,109
Bruno Lunelli Riserva,Merlot,4.5,96
Bruno Lunelli Riserva,Chardonnay,4.5,96
Duna Mirante Primitivo di Manduria,Merlot,4.5,96
Duna Mirante Primitivo di Manduria,Chardonnay,4.5,96
Rosso,Merlot,4.5,88
Rosso,Chardonnay,4.5,88
Ciliegio Amarone della Valpolicella,Merlot,4.5,76
Ciliegio Amarone della Valpolicella,Chardonnay,4.5,76
Petrucci Melo,Merlot,4.5,61
Petrucci Melo,Chardonnay,4.5,61
Raut Lagrein,Merlot,4.5,58
Raut Lagrein,Chardonnay,4.5,58
Barolo Riserva Speciale Granbussia,Merlot,4.5,56
Barolo Riserva Speciale Granbussia,Chardonnay,4.5,56
Alpine Hillside Pinot Noir,Cabernet Sauvignon,4.5,46
Grenache,Cabernet Sauvignon,4.5,34
Charity Edition Nebbiolo d'Alba Arione,Merlot,4.5,29
Charity Edition Nebbiolo d'Alba Arione,Chardonnay,4.5,29
Recioto della Valpolicella Classico Riserva,Merlot,4.5,27
Recioto della Valpolicella Classico Riserva,Chardonnay,4.5,27
Boghis Climat,Merlot,4.5,27
Boghis Climat,Chardonnay,4.5,27
ARTEMIS Cabernet Sauvignon,Cabernet Sauvignon,4.4,81351
Amarone della Valpolicella Classico,Merlot,4.4,48329
Amarone della Valpolicella Classico,Chardonnay,4.4,48329
Alexander Valley Cabernet Sauvignon,Cabernet Sauvignon,4.4,46066
Castello della Sala Cervaro della Sala,Merlot,4.4,30203
Castello della Sala Cervaro della Sala,Chardonnay,4.4,30203
Cabernet Sauvignon,Cabernet Sauvignon,4.4,28544
Eight Years In The Desert,Cabernet Sauvignon,4.4,27195
Brunello di Montalcino,Merlot,4.4,25989
Brunello di Montalcino,Chardonnay,4.4,25989
Pieve Santa Restituta Brunello di Montalcino,Merlot,4.4,21867
Pieve Santa Restituta Brunello di Montalcino,Chardonnay,4.4,21867
Old Vines Primitivo di Manduria,Merlot,4.4,20904
Old Vines Primitivo di Manduria,Chardonnay,4.4,20904
Amarone della Valpolicella Classico,Merlot,4.4,18720
Amarone della Valpolicella Classico,Chardonnay,4.4,18720
Luce,Merlot,4.4,17470
Luce,Chardonnay,4.4,17470
Turriga Isola dei Nuraghi,Merlot,4.4,14641
Turriga Isola dei Nuraghi,Chardonnay,4.4,14641
Georges De Latour Private Reserve Cabernet Sauvignon,Cabernet Sauvignon,4.4,12652
Evenstad Reserve Pinot Noir,Cabernet Sauvignon,4.4,11531
Paleo Rosso,Merlot,4.4,10940
Paleo Rosso,Chardonnay,4.4,10940
Saffredi,Merlot,4.4,10499
Saffredi,Chardonnay,4.4,10499
Guerriero della Terra,Merlot,4.4,10185
Guerriero della Terra,Chardonnay,4.4,10185
Brunello di Montalcino,Merlot,4.4,9257
Brunello di Montalcino,Chardonnay,4.4,9257
Brunello di Montalcino,Merlot,4.4,9171
Brunello di Montalcino,Chardonnay,4.4,9171
50 & 50,Merlot,4.4,9157
50 & 50,Chardonnay,4.4,9157
Bolgheri Superiore,Merlot,4.4,8918
Bolgheri Superiore,Chardonnay,4.4,8918
Quarz Sauvignon,Merlot,4.4,8884
Quarz Sauvignon,Chardonnay,4.4,8884
Toscana I Sodi di San Niccolo,Merlot,4.4,8853
Toscana I Sodi di San Niccolo,Chardonnay,4.4,8853
Siepi,Merlot,4.4,8129
Siepi,Chardonnay,4.4,8129
Campo León Amarone della Valpolicella,Merlot,4.4,7778
Campo León Amarone della Valpolicella,Chardonnay,4.4,7778
Kairos,Merlot,4.4,7364
Kairos,Chardonnay,4.4,7364
Les Noisetiers,Cabernet Sauvignon,4.4,7035
Barolo Monprivato,Merlot,4.4,6966
Barolo Monprivato,Chardonnay,4.4,6966
Vürsù Barolo Campè,Merlot,4.4,6260
Vürsù Barolo Campè,Chardonnay,4.4,6260
Brunello di Montalcino  Montosoli,Merlot,4.4,6176
Brunello di Montalcino  Montosoli,Chardonnay,4.4,6176
Trebbiano d'Abruzzo,Merlot,4.4,5834
Trebbiano d'Abruzzo,Chardonnay,4.4,5834
Ornato Barolo,Merlot,4.4,5469
Ornato Barolo,Chardonnay,4.4,5469
Lagrein Riserva Porphyr,Merlot,4.4,5123
Lagrein Riserva Porphyr,Chardonnay,4.4,5123
Campo dei Gigli Amarone della Valpolicella,Merlot,4.4,5050
Campo dei Gigli Amarone della Valpolicella,Chardonnay,4.4,5050
Beyond the Clouds,Merlot,4.4,4760
Beyond the Clouds,Chardonnay,4.4,4760
Altero Brunello di Montalcino,Merlot,4.4,4620
Altero Brunello di Montalcino,Chardonnay,4.4,4620
Poggio Al Vento Brunello di Montalcino Riserva,Merlot,4.4,4542
Poggio Al Vento Brunello di Montalcino Riserva,Chardonnay,4.4,4542
Barolo Bussia,Merlot,4.4,4525
Barolo Bussia,Chardonnay,4.4,4525
Vürsù Barbaresco Starderi,Merlot,4.4,4414
Vürsù Barbaresco Starderi,Chardonnay,4.4,4414
Lupicaia,Merlot,4.4,4414
Lupicaia,Chardonnay,4.4,4414
Barolo Cannubi Boschis,Merlot,4.4,4298
Barolo Cannubi Boschis,Chardonnay,4.4,4298
Cinque Autoctoni Collection Limited Release,Merlot,4.4,4281
Cinque Autoctoni Collection Limited Release,Chardonnay,4.4,4281
Vürsù Barbaresco Gallina,Merlot,4.4,4262
Vürsù Barbaresco Gallina,Chardonnay,4.4,4262
Amarone della Valpolicella Vigna Garzon,Merlot,4.4,4227
Amarone della Valpolicella Vigna Garzon,Chardonnay,4.4,4227
Barolo Ginestra Casa Maté,Merlot,4.4,4116
Barolo Ginestra Casa Maté,Chardonnay,4.4,4116
L'Apparita,Merlot,4.4,3836
L'Apparita,Chardonnay,4.4,3836
Poggio Alle Nane Maremma Toscana,Merlot,4.4,3509
Poggio Alle Nane Maremma Toscana,Chardonnay,4.4,3509
Falletto Barbaresco Asili,Merlot,4.4,3450
Falletto Barbaresco Asili,Chardonnay,4.4,3450
Barolo Bussia Cicala,Merlot,4.4,3346
Barolo Bussia Cicala,Chardonnay,4.4,3346
Guerriero del Mare,Merlot,4.4,3290
Guerriero del Mare,Chardonnay,4.4,3290
Vürsù Barbaresco Valeirano,Merlot,4.4,3263
Vürsù Barbaresco Valeirano,Chardonnay,4.4,3263
d'Alceo,Merlot,4.4,3133
d'Alceo,Chardonnay,4.4,3133
Barolo Enrico VI,Merlot,4.4,3107
Barolo Enrico VI,Chardonnay,4.4,3107
Altagracia Cabernet Sauvignon,Cabernet Sauvignon,4.4,3083
Ai Suma Barbera d'Asti,Merlot,4.4,3012
Ai Suma Barbera d'Asti,Chardonnay,4.4,3012
Il Bacca Old Vine Primitivo di Manduria,Merlot,4.4,2933
Il Bacca Old Vine Primitivo di Manduria,Chardonnay,4.4,2933
Barolo Bricco Rocche,Merlot,4.4,2923
Barolo Bricco Rocche,Chardonnay,4.4,2923
Campo del Drago Brunello di Montalcino,Merlot,4.4,2854
Campo del Drago Brunello di Montalcino,Chardonnay,4.4,2854
Cabernet Sauvignon,Cabernet Sauvignon,4.4,2830
Amarone della Valpolicella,Merlot,4.4,2680
Amarone della Valpolicella,Chardonnay,4.4,2680
Amarone della Valpolicella,Merlot,4.4,2610
Amarone della Valpolicella,Chardonnay,4.4,2610
Arborina Barolo,Merlot,4.4,2527
Arborina Barolo,Chardonnay,4.4,2527
Vigna Cappella di S. Stefano Perno Barolo,Merlot,4.4,2514
Vigna Cappella di S. Stefano Perno Barolo,Chardonnay,4.4,2514
80 Vecchie Vigne Primitivo di Manduria Old Vines,Merlot,4.4,2476
80 Vecchie Vigne Primitivo di Manduria Old Vines,Chardonnay,4.4,2476
Graticciaia,Merlot,4.4,2451
Graticciaia,Chardonnay,4.4,2451
Cabernet Sauvignon,Merlot,4.4,2408
Cabernet Sauvignon,Chardonnay,4.4,2408
Barolo Bricco Gattera,Merlot,4.4,2365
Barolo Bricco Gattera,Chardonnay,4.4,2365
Duemani Cabernet Franc,Merlot,4.4,2339
Duemani Cabernet Franc,Chardonnay,4.4,2339
Vittorio Moretti,Merlot,4.4,2025
Vittorio Moretti,Chardonnay,4.4,2025
Tenuta Montebello Picconero,Merlot,4.4,2011
Tenuta Montebello Picconero,Chardonnay,4.4,2011
Merlot,Cabernet Sauvignon,4.4,1922
Vin Santo di Montepulciano Occhio di Pernice,Merlot,4.4,1867
Vin Santo di Montepulciano Occhio di Pernice,Chardonnay,4.4,1867
Pegrandi Amarone della Valpolicella Classico,Merlot,4.4,1833
Pegrandi Amarone della Valpolicella Classico,Chardonnay,4.4,1833
Falletto Barolo,Merlot,4.4,1760
Falletto Barolo,Chardonnay,4.4,1760
One Sixteen Chardonnay,Cabernet Sauvignon,4.4,1753
Giramonte Toscana,Merlot,4.4,1678
Giramonte Toscana,Chardonnay,4.4,1678
Brunello di Montalcino Riserva,Merlot,4.4,1665
Brunello di Montalcino Riserva,Chardonnay,4.4,1665
Barolo Rocche,Merlot,4.4,1615
Barolo Rocche,Chardonnay,4.4,1615
Brunello di Montalcino Riserva,Merlot,4.4,1506
Brunello di Montalcino Riserva,Chardonnay,4.4,1506
La Serra Barolo,Merlot,4.4,1449
La Serra Barolo,Chardonnay,4.4,1449
Colore Toscana,Merlot,4.4,1415
Colore Toscana,Chardonnay,4.4,1415
Vigneto Bellavista Chianti Classico,Merlot,4.4,1402
Vigneto Bellavista Chianti Classico,Chardonnay,4.4,1402
Montepulciano d'Abruzzo,Merlot,4.4,1398
Montepulciano d'Abruzzo,Chardonnay,4.4,1398
Helichrysum Brunello di Montalcino,Merlot,4.4,1370
Helichrysum Brunello di Montalcino,Chardonnay,4.4,1370
Amarone della Valpolicella,Merlot,4.4,1292
Amarone della Valpolicella,Chardonnay,4.4,1292
Barolo Rocche di Castiglione,Merlot,4.4,1272
Barolo Rocche di Castiglione,Chardonnay,4.4,1272
Big'd Big Barolo,Merlot,4.4,1148
Big'd Big Barolo,Chardonnay,4.4,1148
Côte à Côte Estate,Cabernet Sauvignon,4.4,1133
VT Vendemmia Tardiva,Merlot,4.4,1096
VT Vendemmia Tardiva,Chardonnay,4.4,1096
Harimann Montepulciano d'Abruzzo,Merlot,4.4,1086
Harimann Montepulciano d'Abruzzo,Chardonnay,4.4,1086
Calle Merlot Rosso Veronese,Merlot,4.4,1053
Calle Merlot Rosso Veronese,Chardonnay,4.4,1053
Amarone della Valpolicella Classico,Merlot,4.4,1029
Amarone della Valpolicella Classico,Chardonnay,4.4,1029
Gallina Barbaresco,Merlot,4.4,1017
Gallina Barbaresco,Chardonnay,4.4,1017
Brunello di Montalcino Riserva,Merlot,4.4,987
Brunello di Montalcino Riserva,Chardonnay,4.4,987
Palazzi Rosso Toscana,Merlot,4.4,961
Palazzi Rosso Toscana,Chardonnay,4.4,961
Amarone della Valpolicella Riserva,Merlot,4.4,958
Amarone della Valpolicella Riserva,Chardonnay,4.4,958
Vigna Colonnello Barolo Riserva Bussia,Merlot,4.4,957
Vigna Colonnello Barolo Riserva Bussia,Chardonnay,4.4,957
Barolo Riserva Leon,Merlot,4.4,948
Barolo Riserva Leon,Chardonnay,4.4,948
Gabbro Toscana,Merlot,4.4,921
Gabbro Toscana,Chardonnay,4.4,921
Mossone,Merlot,4.4,892
Mossone,Chardonnay,4.4,892
Campo Alla Sughera,Merlot,4.4,888
Campo Alla Sughera,Chardonnay,4.4,888
Brunello di Montalcino Riserva,Merlot,4.4,801
Brunello di Montalcino Riserva,Chardonnay,4.4,801
Valmezzane Amarone della Valpolicella,Merlot,4.4,799
Valmezzane Amarone della Valpolicella,Chardonnay,4.4,799
Barrosu Cannonau di Sardegna Riserva Franzisca,Merlot,4.4,794
Barrosu Cannonau di Sardegna Riserva Franzisca,Chardonnay,4.4,794
Brunello di Montalcino Riserva,Merlot,4.4,714
Brunello di Montalcino Riserva,Chardonnay,4.4,714
Semel Pater,Merlot,4.4,710
Semel Pater,Chardonnay,4.4,710
Barbaresco Asili,Merlot,4.4,710
Barbaresco Asili,Chardonnay,4.4,710
Fanòi Primitivo,Merlot,4.4,695
Fanòi Primitivo,Chardonnay,4.4,695
Asili Barbaresco Vecchie Viti,Merlot,4.4,668
Asili Barbaresco Vecchie Viti,Chardonnay,4.4,668
Gorgona,Merlot,4.4,592
Gorgona,Chardonnay,4.4,592
Montefico Barbaresco Vecchie Viti,Merlot,4.4,581
Montefico Barbaresco Vecchie Viti,Chardonnay,4.4,581
Paralupi Appassimento,Merlot,4.4,575
Paralupi Appassimento,Chardonnay,4.4,575
Luminaria Primitivo di Manduria,Merlot,4.4,563
Luminaria Primitivo di Manduria,Chardonnay,4.4,563
Giorgio Bartholomäus,Merlot,4.4,554
Giorgio Bartholomäus,Chardonnay,4.4,554
123 Brunello di Montalcino Riserva,Merlot,4.4,525
123 Brunello di Montalcino Riserva,Chardonnay,4.4,525
50 Old Vines Vecchie Vigne Negroamaro,Merlot,4.4,510
50 Old Vines Vecchie Vigne Negroamaro,Chardonnay,4.4,510
Amarone Classico Monte Danieli,Merlot,4.4,504
Amarone Classico Monte Danieli,Chardonnay,4.4,504
Novicium Estate,Cabernet Sauvignon,4.4,495
Librante Primitivo di Manduria,Merlot,4.4,491
Librante Primitivo di Manduria,Chardonnay,4.4,491
Fort Ross Seaview Home Field Pinot Noir,Cabernet Sauvignon,4.4,483
Gold Series Syrah,Cabernet Sauvignon,4.4,477
Vigna Madonna Assunta La Villa Barolo Riserva,Merlot,4.4,470
Vigna Madonna Assunta La Villa Barolo Riserva,Chardonnay,4.4,470
Brunello di Montalcino Riserva,Merlot,4.4,461
Brunello di Montalcino Riserva,Chardonnay,4.4,461
Cěrǎsum Riserva Amarone della Valpolicella,Merlot,4.4,460
Cěrǎsum Riserva Amarone della Valpolicella,Chardonnay,4.4,460
Giunonico Riserva Primitivo di Manduria,Merlot,4.4,460
Giunonico Riserva Primitivo di Manduria,Chardonnay,4.4,460
Falletto Barbaresco Rabaja,Merlot,4.4,448
Falletto Barbaresco Rabaja,Chardonnay,4.4,448
Brunello di Montalcino Riserva,Merlot,4.4,437
Brunello di Montalcino Riserva,Chardonnay,4.4,437
Guglielmi di Jago Amarone della Valpolicella Classico,Merlot,4.4,408
Guglielmi di Jago Amarone della Valpolicella Classico,Chardonnay,4.4,408
Il Ritrovo,Merlot,4.4,363
Il Ritrovo,Chardonnay,4.4,363
Brunello di Montalcino Riserva,Merlot,4.4,351
Brunello di Montalcino Riserva,Chardonnay,4.4,351
Brunello di Montalcino Riserva,Merlot,4.4,339
Brunello di Montalcino Riserva,Chardonnay,4.4,339
Brunello di Montalcino Riserva,Merlot,4.4,333
Brunello di Montalcino Riserva,Chardonnay,4.4,333
Brunello di Montalcino Riserva,Merlot,4.4,330
Brunello di Montalcino Riserva,Chardonnay,4.4,330
Graal Amarone della Valpolicella Valpantena,Merlot,4.4,328
Graal Amarone della Valpolicella Valpantena,Chardonnay,4.4,328
Brunello di Montalcino Riserva,Merlot,4.4,306
Brunello di Montalcino Riserva,Chardonnay,4.4,306
Triglia Negroamaro Rosato,Merlot,4.4,278
Triglia Negroamaro Rosato,Chardonnay,4.4,278
Brunello di Montalcino Riserva,Merlot,4.4,273
Brunello di Montalcino Riserva,Chardonnay,4.4,273
Barolo Riserva,Merlot,4.4,265
Barolo Riserva,Chardonnay,4.4,265
Hyde Vineyard Chardonnay,Cabernet Sauvignon,4.4,265
Il 'Divasco' Riserva,Merlot,4.4,255
Il 'Divasco' Riserva,Chardonnay,4.4,255
Belles Soeurs Cuvée Pinot Noir,Cabernet Sauvignon,4.4,229
Lot 1,Cabernet Sauvignon,4.4,226
Gallina Barbaresco,Merlot,4.4,219
Gallina Barbaresco,Chardonnay,4.4,219
Le Lucére Brunello di Montalcino Riserva,Merlot,4.4,213
Le Lucére Brunello di Montalcino Riserva,Chardonnay,4.4,213
Ipsus Chianti Classico Gran Selezione,Merlot,4.4,185
Ipsus Chianti Classico Gran Selezione,Chardonnay,4.4,185
110 e Lode Merlot,Merlot,4.4,174
110 e Lode Merlot,Chardonnay,4.4,174
Freienfeld Cabernet Sauvignon Riserva,Merlot,4.4,173
Freienfeld Cabernet Sauvignon Riserva,Chardonnay,4.4,173
Predappio Massera,Merlot,4.4,161
Predappio Massera,Chardonnay,4.4,161
Roccolo Ludwig Barth von Barthenau,Merlot,4.4,155
Roccolo Ludwig Barth von Barthenau,Chardonnay,4.4,155
Barolo Bussia Vigna Munie,Merlot,4.4,141
Barolo Bussia Vigna Munie,Chardonnay,4.4,141
Trebbiano d'Abruzzo,Merlot,4.4,140
Trebbiano d'Abruzzo,Chardonnay,4.4,140
Annunziata Barolo Riserva,Merlot,4.4,138
Annunziata Barolo Riserva,Chardonnay,4.4,138
Cannubi Barolo,Merlot,4.4,82
Cannubi Barolo,Chardonnay,4.4,82
Costasera Amarone della Valpolicella Classico,Merlot,4.3,93397
Costasera Amarone della Valpolicella Classico,Chardonnay,4.3,93397
Amarone della Valpolicella Classico,Merlot,4.3,77515
Amarone della Valpolicella Classico,Chardonnay,4.3,77515
Le Serre Nuove,Merlot,4.3,50411
Le Serre Nuove,Chardonnay,4.3,50411
Pian delle Vigne Brunello di Montalcino,Merlot,4.3,31363
Pian delle Vigne Brunello di Montalcino,Chardonnay,4.3,31363
Amarone della Valpolicella Classico,Merlot,4.3,27794
Amarone della Valpolicella Classico,Chardonnay,4.3,27794
Dagromis Barolo,Merlot,4.3,20685
Dagromis Barolo,Chardonnay,4.3,20685
Chardonnay,Cabernet Sauvignon,4.3,18694
Bricco dell'Uccellone Barbera d'Asti,Merlot,4.3,17625
Bricco dell'Uccellone Barbera d'Asti,Chardonnay,4.3,17625
Il Pino di Biserno,Merlot,4.3,17566
Il Pino di Biserno,Chardonnay,4.3,17566
Mille E Una Notte,Merlot,4.3,15865
Mille E Una Notte,Chardonnay,4.3,15865
Bolgheri Superiore,Merlot,4.3,14242
Bolgheri Superiore,Chardonnay,4.3,14242
Chateau Buena Vista Cabernet Sauvignon Napa Valley,Cabernet Sauvignon,4.3,13415
Barolo Riserva,Merlot,4.3,12663
Barolo Riserva,Chardonnay,4.3,12663
Oreno Toscana,Merlot,4.3,12407
Oreno Toscana,Chardonnay,4.3,12407
Cepparello Red,Merlot,4.3,12191
Cepparello Red,Chardonnay,4.3,12191
Brunello di Montalcino,Merlot,4.3,8875
Brunello di Montalcino,Chardonnay,4.3,8875
Brunello di Montalcino,Merlot,4.3,8356
Brunello di Montalcino,Chardonnay,4.3,8356
Galatrona,Merlot,4.3,7971
Galatrona,Chardonnay,4.3,7971
Brunello di Montalcino,Merlot,4.3,7929
Brunello di Montalcino,Chardonnay,4.3,7929
Brunello di Montalcino,Merlot,4.3,7546
Brunello di Montalcino,Chardonnay,4.3,7546
Barbera d'Alba Vigna Francia,Merlot,4.3,7315
Barbera d'Alba Vigna Francia,Chardonnay,4.3,7315
Brunello di Montalcino Riserva Vigna Paganelli,Merlot,4.3,7123
Brunello di Montalcino Riserva Vigna Paganelli,Chardonnay,4.3,7123
Ribolla Gialla,Merlot,4.3,7018
Ribolla Gialla,Chardonnay,4.3,7018
Brunello di Montalcino,Merlot,4.3,6683
Brunello di Montalcino,Chardonnay,4.3,6683
Castello della Sala Muffato della Sala,Merlot,4.3,6356
Castello della Sala Muffato della Sala,Chardonnay,4.3,6356
TD9,Cabernet Sauvignon,4.3,6056
Brunello di Montalcino,Merlot,4.3,5608
Brunello di Montalcino,Chardonnay,4.3,5608
Brunello di Montalcino,Merlot,4.3,5596
Brunello di Montalcino,Chardonnay,4.3,5596
Barbaresco Rabajà,Merlot,4.3,5469
Barbaresco Rabajà,Chardonnay,4.3,5469
Amarone della Valpolicella Classico,Merlot,4.3,5450
Amarone della Valpolicella Classico,Chardonnay,4.3,5450
25 anni Montefalco Sagrantino,Merlot,4.3,5419
25 anni Montefalco Sagrantino,Chardonnay,4.3,5419
Riserva Nova Domus Terlaner,Merlot,4.3,5250
Riserva Nova Domus Terlaner,Chardonnay,4.3,5250
Brunello di Montalcino,Merlot,4.3,5202
Brunello di Montalcino,Chardonnay,4.3,5202
Barolo Le Vigne,Merlot,4.3,5026
Barolo Le Vigne,Chardonnay,4.3,5026
Lion Tamer Napa Valley Red Blend,Cabernet Sauvignon,4.3,4981
Bric Dël Fiasc Barolo,Merlot,4.3,4947
Bric Dël Fiasc Barolo,Chardonnay,4.3,4947
Barolo Sorì Ginestra,Merlot,4.3,4827
Barolo Sorì Ginestra,Chardonnay,4.3,4827
Percarlo,Merlot,4.3,4808
Percarlo,Chardonnay,4.3,4808
Amarone della Valpolicella,Merlot,4.3,4689
Amarone della Valpolicella,Chardonnay,4.3,4689
Barolo Brunate,Merlot,4.3,4295
Barolo Brunate,Chardonnay,4.3,4295
Capitel Monte Olmi Amarone della Valpolicella Classico Riserva,Merlot,4.3,4229
Capitel Monte Olmi Amarone della Valpolicella Classico Riserva,Chardonnay,4.3,4229
Toscana Batar,Merlot,4.3,4187
Toscana Batar,Chardonnay,4.3,4187
Barolo Riserva Bricco Boschis Vigna San Giuseppe,Merlot,4.3,4030
Barolo Riserva Bricco Boschis Vigna San Giuseppe,Chardonnay,4.3,4030
Amarone della Valpolicella,Merlot,4.3,4014
Amarone della Valpolicella,Chardonnay,4.3,4014
Vecchie Vigne Brunello di Montalcino,Merlot,4.3,3868
Vecchie Vigne Brunello di Montalcino,Chardonnay,4.3,3868
Barolo Cerequio,Merlot,4.3,3839
Barolo Cerequio,Chardonnay,4.3,3839
Brunello di Montalcino,Merlot,4.3,3836
Brunello di Montalcino,Chardonnay,4.3,3836
Cà Bertoldi Amarone della Valpolicella Classico,Merlot,4.3,3708
Cà Bertoldi Amarone della Valpolicella Classico,Chardonnay,4.3,3708
Toscana Camartina,Merlot,4.3,3673
Toscana Camartina,Chardonnay,4.3,3673
Barolo Riserva Vigna Rionda,Merlot,4.3,3530
Barolo Riserva Vigna Rionda,Chardonnay,4.3,3530
Barolo Ciabot Mentin Ginestra,Merlot,4.3,3525
Barolo Ciabot Mentin Ginestra,Chardonnay,4.3,3525
Barolo Ginestra Vigna del Gris,Merlot,4.3,3333
Barolo Ginestra Vigna del Gris,Chardonnay,4.3,3333
Giallo d'Arles Greco di Tufo,Merlot,4.3,3274
Giallo d'Arles Greco di Tufo,Chardonnay,4.3,3274
Corte di Cama Sforzato di Valtellina,Merlot,4.3,3211
Corte di Cama Sforzato di Valtellina,Chardonnay,4.3,3211
Toscana Il Pareto,Merlot,4.3,3195
Toscana Il Pareto,Chardonnay,4.3,3195
Vigne Vecchie Gold Series Leggenda Primitivo di Manduria,Merlot,4.3,3121
Vigne Vecchie Gold Series Leggenda Primitivo di Manduria,Chardonnay,4.3,3121
Mongovone Barbera d'Asti Superiore,Merlot,4.3,2771
Mongovone Barbera d'Asti Superiore,Chardonnay,4.3,2771
Barolo Monvigliero,Merlot,4.3,2758
Barolo Monvigliero,Chardonnay,4.3,2758
Gewürztraminer Lunare,Merlot,4.3,2732
Gewürztraminer Lunare,Chardonnay,4.3,2732
Brunello di Montalcino,Merlot,4.3,2592
Brunello di Montalcino,Chardonnay,4.3,2592
6 Anime Puglia Rosso,Merlot,4.3,2476
6 Anime Puglia Rosso,Chardonnay,4.3,2476
Barolo Prapò,Merlot,4.3,2450
Barolo Prapò,Chardonnay,4.3,2450
Rocche di Castiglione Barolo,Merlot,4.3,2397
Rocche di Castiglione Barolo,Chardonnay,4.3,2397
Scrio,Merlot,4.3,2322
Scrio,Chardonnay,4.3,2322
Merlot (Signature),Cabernet Sauvignon,4.3,2312
Il Bricco Barbaresco,Merlot,4.3,2299
Il Bricco Barbaresco,Chardonnay,4.3,2299
Barbaresco Gaiun Martinenga,Merlot,4.3,2298
Barbaresco Gaiun Martinenga,Chardonnay,4.3,2298
Vigna Molsino,Merlot,4.3,2269
Vigna Molsino,Chardonnay,4.3,2269
Pietradonice,Merlot,4.3,2266
Pietradonice,Chardonnay,4.3,2266
Rapture Cabernet Sauvignon,Cabernet Sauvignon,4.3,2117
Royal St Robert Cuvée Pinot Noir,Cabernet Sauvignon,4.3,2099
Ulysses,Cabernet Sauvignon,4.3,1980
Amarone della Valpolicella Classico,Merlot,4.3,1940
Amarone della Valpolicella Classico,Chardonnay,4.3,1940
Barolo Paiagallo,Merlot,4.3,1917
Barolo Paiagallo,Chardonnay,4.3,1917
Pajè Barbaresco,Merlot,4.3,1910
Pajè Barbaresco,Chardonnay,4.3,1910
Barolo Cannubi,Merlot,4.3,1852
Barolo Cannubi,Chardonnay,4.3,1852
Brunello di Montalcino Riserva,Merlot,4.3,1825
Brunello di Montalcino Riserva,Chardonnay,4.3,1825
Amarone della Valpolicella,Merlot,4.3,1712
Amarone della Valpolicella,Chardonnay,4.3,1712
Amarone della Valpolicella Classico,Merlot,4.3,1670
Amarone della Valpolicella Classico,Chardonnay,4.3,1670
Barolo Brunate,Merlot,4.3,1482
Barolo Brunate,Chardonnay,4.3,1482
Brunello di Montalcino Riserva Pian di Conte,Merlot,4.3,1118
Brunello di Montalcino Riserva Pian di Conte,Chardonnay,4.3,1118
Sassella Nuova Regina Riserva,Merlot,4.3,987
Sassella Nuova Regina Riserva,Chardonnay,4.3,987
Piovesole Amarone della Valpolicella Classico,Merlot,4.3,868
Piovesole Amarone della Valpolicella Classico,Chardonnay,4.3,868
Brunello di Montalcino,Merlot,4.3,828
Brunello di Montalcino,Chardonnay,4.3,828
Cosimo Varvaglione Collezione Privata Negroamaro del Salento,Merlot,4.3,826
Cosimo Varvaglione Collezione Privata Negroamaro del Salento,Chardonnay,4.3,826
Rutherford Cabernet Sauvignon,Cabernet Sauvignon,4.3,655
Maggiarino Vino Nobile di Montepulciano,Merlot,4.3,555
Maggiarino Vino Nobile di Montepulciano,Chardonnay,4.3,555
Maria Adelaide Barbaresco,Merlot,4.3,501
Maria Adelaide Barbaresco,Chardonnay,4.3,501
Bolgheri Superiore Sondraia,Merlot,4.2,12843
Bolgheri Superiore Sondraia,Chardonnay,4.2,12843
Montepulciano d'Abruzzo,Merlot,4.2,10110
Montepulciano d'Abruzzo,Chardonnay,4.2,10110
Toscana,Merlot,4.2,7434
Toscana,Chardonnay,4.2,7434
Solare Toscana,Merlot,4.2,4961
Solare Toscana,Chardonnay,4.2,4961
Cresasso Corvina Veronese,Merlot,4.2,2333
Cresasso Corvina Veronese,Chardonnay,4.2,2333
Primitivo di Manduria,Merlot,4.2,2011
Primitivo di Manduria,Chardonnay,4.2,2011
Barolo Cerretta,Merlot,4.2,1921
Barolo Cerretta,Chardonnay,4.2,1921
Barolo Cannubi,Merlot,4.2,1801
Barolo Cannubi,Chardonnay,4.2,1801
Brunello di Montalcino,Merlot,4.2,1598
Brunello di Montalcino,Chardonnay,4.2,1598
La Ricolma,Merlot,4.2,1525
La Ricolma,Chardonnay,4.2,1525
Linticlarus Lagrein Riserva,Merlot,4.2,1387
Linticlarus Lagrein Riserva,Chardonnay,4.2,1387
Barolo Monvigliero,Merlot,4.2,1163
Barolo Monvigliero,Chardonnay,4.2,1163
Cuvée Kermesse Rosso,Merlot,4.2,1153
Cuvée Kermesse Rosso,Chardonnay,4.2,1153
Amarone Della Valpolicella Marta Galli,Merlot,4.2,1085
Amarone Della Valpolicella Marta Galli,Chardonnay,4.2,1085
Pochi Filagn Barbera d'Alba,Merlot,4.2,410
Pochi Filagn Barbera d'Alba,Chardonnay,4.2,410
